<?xml version="1.0" encoding="utf-8" ?>
		<hibernate-mapping xmlns="urn:nhibernate-mapping-2.2"
		                   assembly="DSSGenNHibernate"
		                   namespace="DSSGenNHibernate.EN.BibliotecaENIAC">
			<class name="BibliografiaRecomendadaEN" table="[BibliografiaRecomendada]">
				  	
						<id name="IdSocioObras" column="[idSocioObrasBibliografiaRecomendada]" type="integer">
							<generator class="identity"/>
						</id>
			
			
		  			
						<bag name="Obra" table="[obra_bibliografiaRecomendada]" inverse="true" >
							<key>
									<column name="[FK_idSocioObrasBibliografiaRecomendada_idBibliografiaRecomendada]"/>
							</key>
      						<many-to-many class="DSSGenNHibernate.EN.BibliotecaENIAC.ObraEN">
									<column name="[FK_IsbnObra_idObra]"/>
      						</many-to-many>
    					</bag>
			
		  			
						<bag name="Usuario" table="[usuario_bibliografiaRecomendada]" inverse="true" >
							<key>
									<column name="[FK_idSocioObrasBibliografiaRecomendada_idBibliografiaRecomendada]"/>
							</key>
      						<many-to-many class="DSSGenNHibernate.EN.BibliotecaENIAC.UsuarioEN">
									<column name="[FK_DNIUsuario_idUsuario]"/>
      						</many-to-many>
    					</bag>
					
					
					
		
		  </class>
		  
		  <query name="BibliografiaRecomendadaENReadAllHQL">from BibliografiaRecomendadaEN</query>
		</hibernate-mapping>
	