<?xml version="1.0" encoding="utf-8" ?>
		<hibernate-mapping xmlns="urn:nhibernate-mapping-2.2"
		                   assembly="DSSGenNHibernate"
		                   namespace="DSSGenNHibernate.EN.BibliotecaENIAC">
			<class name="PrestamoEN" table="[Prestamo]">
						<id name="IdPrestamo" column="[idPrestamo]"/>
					<property name="FechaVencimiento" type="date"> 
						<column name="[fechaVencimiento]"  not-null="true"/>
					</property>
					<property name="FechaInicio" type="date"> 
						<column name="[fechaInicio]"  not-null="true"/>
					</property>
			
			
			
			
		  			
						<many-to-one name="Usuario" class="DSSGenNHibernate.EN.BibliotecaENIAC.UsuarioEN" >	
								<column name="[FK_DNIUsuario_idUsuario]"/>
						</many-to-one>
											 					
			
		  			
						<many-to-one name="Obra" class="DSSGenNHibernate.EN.BibliotecaENIAC.ObraEN" >	
								<column name="[FK_IsbnObra_idObra]"/>
						</many-to-one>
											 					
					
					
					
					
					
		
		  </class>
		  
		  <query name="PrestamoENReadAllHQL">from PrestamoEN</query>
		</hibernate-mapping>
	